ID,Name,Form,Cobblemon,Cobblemonform,Legendary
1,Bulbasaur, ,bulbasaur,normal,false
2,Ivysaur, ,ivysaur,normal,false
3,Venusaur, ,venusaur,normal,false
4,Charmander, ,charmander,normal,false
5,Charmeleon, ,charmeleon,normal,false
6,Charizard, ,charizard,normal,false
7,Squirtle, ,squirtle,normal,false
8,Wartortle, ,wartortle,normal,false
9,Blastoise, ,blastoise,normal,false
10,Caterpie, ,caterpie,normal,false
11,Metapod, ,metapod,normal,false
12,Butterfree, ,butterfree,normal,false
13,Weedle, ,weedle,normal,false
14,Kakuna, ,kakuna,normal,false
15,Beedrill, ,beedrill,normal,false
16,Pidgey, ,pidgey,normal,false
17,Pidgeotto, ,pidgeotto,normal,false
18,Pidgeot, ,pidgeot,normal,false
19,Rattata, ,rattata,normal,false
20,Raticate, ,raticate,normal,false
21,Spearow, ,spearow,normal,false
22,Fearow, ,fearow,normal,false
23,Ekans, ,ekans,normal,false
24,Arbok, ,arbok,normal,false
25,Pikachu, ,pikachu,normal,false
26,Raichu, ,raichu,normal,false
27,Sandshrew, ,sandshrew,normal,false
28,Sandslash, ,sandslash,normal,false
29,Nidoran,Male,nidoranm,normal,false
30,Nidorina, ,nidorina,normal,false
31,Nidoqueen, ,nidoqueen,normal,false
33,Nidorino, ,nidorino,normal,false
34,Nidoking, ,nidoking,normal,false
35,Clefairy, ,clefairy,normal,false
36,Clefable, ,clefable,normal,false
37,Vulpix, ,vulpix,normal,false
38,Ninetales, ,ninetales,normal,false
39,Jigglypuff, ,jigglypuff,normal,false
40,Wigglytuff, ,wigglytuff,normal,false
41,Zubat, ,zubat,normal,false
42,Golbat, ,golbat,normal,false
43,Oddish, ,oddish,normal,false
44,Gloom, ,gloom,normal,false
45,Vileplume, ,vileplume,normal,false
46,Paras, ,paras,normal,false
47,Parasect, ,parasect,normal,false
48,Venonat, ,venonat,normal,false
49,Venomoth, ,venomoth,normal,false
50,Diglett, ,diglett,normal,false
51,Dugtrio, ,dugtrio,normal,false
52,Meowth, ,meowth,normal,false
53,Persian, ,persian,normal,false
54,Psyduck, ,psyduck,normal,false
55,Golduck, ,golduck,normal,false
56,Mankey, ,mankey,normal,false
57,Primeape, ,primeape,normal,false
58,Growlithe, ,growlithe,normal,false
59,Arcanine, ,arcanine,normal,false
60,Poliwag, ,poliwag,normal,false
61,Poliwhirl, ,poliwhirl,normal,false
62,Poliwrath, ,poliwrath,normal,false
63,Abra, ,abra,normal,false
64,Kadabra, ,kadabra,normal,false
65,Alakazam, ,alakazam,normal,false
66,Machop, ,machop,normal,false
67,Machoke, ,machoke,normal,false
68,Machamp, ,machamp,normal,false
69,Bellsprout, ,bellsprout,normal,false
70,Weepinbell, ,weepinbell,normal,false
71,Victreebel, ,victreebel,normal,false
72,Tentacool, ,tentacool,normal,false
73,Tentacruel, ,tentacruel,normal,false
74,Geodude, ,geodude,normal,false
75,Graveler, ,graveler,normal,false
76,Golem, ,golem,normal,false
77,Ponyta, ,ponyta,normal,false
78,Rapidash, ,rapidash,normal,false
79,Slowpoke, ,slowpoke,normal,false
80,Slowbro, ,slowbro,normal,false
81,Magnemite, ,magnemite,normal,false
82,Magneton, ,magneton,normal,false
83,Farfetch'd, ,farfetchd,normal,false
84,Doduo, ,doduo,normal,false
85,Dodrio, ,dodrio,normal,false
86,Seel, ,seel,normal,false
87,Dewgong, ,dewgong,normal,false
88,Grimer, ,grimer,normal,false
89,Muk, ,muk,normal,false
90,Shellder, ,shellder,normal,false
91,Cloyster, ,cloyster,normal,false
92,Gastly, ,gastly,normal,false
93,Haunter, ,haunter,normal,false
94,Gengar, ,gengar,normal,false
95,Onix, ,onix,normal,false
96,Drowzee, ,drowzee,normal,false
97,Hypno, ,hypno,normal,false
98,Krabby, ,krabby,normal,false
99,Kingler, ,kingler,normal,false
100,Voltorb, ,voltorb,normal,false
101,Electrode, ,electrode,normal,false
102,Exeggcute, ,exeggcute,normal,false
103,Exeggutor, ,exeggutor,normal,false
104,Cubone, ,cubone,normal,false
105,Marowak, ,marowak,normal,false
106,Hitmonlee, ,hitmonlee,normal,false
107,Hitmonchan, ,hitmonchan,normal,false
108,Lickitung, ,lickitung,normal,false
109,Koffing, ,koffing,normal,false
110,Weezing, ,weezing,normal,false
111,Rhyhorn, ,rhyhorn,normal,false
112,Rhydon, ,rhydon,normal,false
113,Chansey, ,chansey,normal,false
114,Tangela, ,tangela,normal,false
115,Kangaskhan, ,kangaskhan,normal,false
116,Horsea, ,horsea,normal,false
117,Seadra, ,seadra,normal,false
118,Goldeen, ,goldeen,normal,false
119,Seaking, ,seaking,normal,false
120,Staryu, ,staryu,normal,false
121,Starmie, ,starmie,normal,false
122,Mr. Mime, ,mrmime,normal,false
123,Scyther, ,scyther,normal,false
124,Jynx, ,jynx,normal,false
125,Electabuzz, ,electabuzz,normal,false
126,Magmar, ,magmar,normal,false
127,Pinsir, ,pinsir,normal,false
128,Tauros, ,tauros,normal,false
129,Magikarp, ,magikarp,normal,false
130,Gyarados, ,gyarados,normal,false
131,Lapras, ,lapras,normal,false
132,Ditto, ,ditto,normal,false
133,Eevee, ,eevee,normal,false
134,Vaporeon, ,vaporeon,normal,false
135,Jolteon, ,jolteon,normal,false
136,Flareon, ,flareon,normal,false
137,Porygon, ,porygon,normal,false
138,Omanyte, ,omanyte,normal,false
139,Omastar, ,omastar,normal,false
140,Kabuto, ,kabuto,normal,false
141,Kabutops, ,kabutops,normal,false
142,Aerodactyl, ,aerodactyl,normal,false
143,Snorlax, ,snorlax,normal,false
144,Articuno, ,articuno,normal,true
145,Zapdos, ,zapdos,normal,true
146,Moltres, ,moltres,normal,true
147,Dratini, ,dratini,normal,false
148,Dragonair, ,dragonair,normal,false
149,Dragonite, ,dragonite,normal,false
150,Mewtwo, ,mewtwo,normal,true
151,Mew, ,mew,normal,true
152,Chikorita, ,chikorita,normal,false
153,Bayleef, ,bayleef,normal,false
154,Meganium, ,meganium,normal,false
155,Cyndaquil, ,cyndaquil,normal,false
156,Quilava, ,quilava,normal,false
157,Typhlosion, ,typhlosion,normal,false
158,Totodile, ,totodile,normal,false
159,Croconaw, ,croconaw,normal,false
160,Feraligatr, ,feraligatr,normal,false
161,Sentret, ,sentret,normal,false
162,Furret, ,furret,normal,false
163,Hoothoot, ,hoothoot,normal,false
164,Noctowl, ,noctowl,normal,false
165,Ledyba, ,ledyba,normal,false
166,Ledian, ,ledian,normal,false
167,Spinarak, ,spinarak,normal,false
168,Ariados, ,ariados,normal,false
169,Crobat, ,crobat,normal,false
170,Chinchou, ,chinchou,normal,false
171,Lanturn, ,lanturn,normal,false
172,Pichu, ,pichu,normal,false
173,Cleffa, ,cleffa,normal,false
174,Igglybuff, ,igglybuff,normal,false
175,Togepi, ,togepi,normal,false
176,Togetic, ,togetic,normal,false
177,Natu, ,natu,normal,false
178,Xatu, ,xatu,normal,false
179,Mareep, ,mareep,normal,false
180,Flaaffy, ,flaaffy,normal,false
181,Ampharos, ,ampharos,normal,false
182,Bellossom, ,bellossom,normal,false
183,Marill, ,marill,normal,false
184,Azumarill, ,azumarill,normal,false
185,Sudowoodo, ,sudowoodo,normal,false
186,Politoed, ,politoed,normal,false
187,Hoppip, ,hoppip,normal,false
188,Skiploom, ,skiploom,normal,false
189,Jumpluff, ,jumpluff,normal,false
190,Aipom, ,aipom,normal,false
191,Sunkern, ,sunkern,normal,false
192,Sunflora, ,sunflora,normal,false
193,Yanma, ,yanma,normal,false
194,Wooper, ,wooper,normal,false
195,Quagsire, ,quagsire,normal,false
196,Espeon, ,espeon,normal,false
197,Umbreon, ,umbreon,normal,false
198,Murkrow, ,murkrow,normal,false
199,Slowking, ,slowking,normal,false
200,Misdreavus, ,misdreavus,normal,false
201,Unown, ,unown,normal,false
202,Wobbuffet, ,wobbuffet,normal,false
203,Girafarig, ,girafarig,normal,false
204,Pineco, ,pineco,normal,false
205,Forretress, ,forretress,normal,false
206,Dunsparce, ,dunsparce,normal,false
207,Gligar, ,gligar,normal,false
208,Steelix, ,steelix,normal,false
209,Snubbull, ,snubbull,normal,false
210,Granbull, ,granbull,normal,false
211,Qwilfish, ,qwilfish,normal,false
212,Scizor, ,scizor,normal,false
213,Shuckle, ,shuckle,normal,false
214,Heracross, ,heracross,normal,false
215,Sneasel, ,sneasel,normal,false
216,Teddiursa, ,teddiursa,normal,false
217,Ursaring, ,ursaring,normal,false
218,Slugma, ,slugma,normal,false
219,Magcargo, ,magcargo,normal,false
220,Swinub, ,swinub,normal,false
221,Piloswine, ,piloswine,normal,false
222,Corsola, ,corsola,normal,false
223,Remoraid, ,remoraid,normal,false
224,Octillery, ,octillery,normal,false
225,Delibird, ,delibird,normal,false
226,Mantine, ,mantine,normal,false
227,Skarmory, ,skarmory,normal,false
228,Houndour, ,houndour,normal,false
229,Houndoom, ,houndoom,normal,false
230,Kingdra, ,kingdra,normal,false
231,Phanpy, ,phanpy,normal,false
232,Donphan, ,donphan,normal,false
233,Porygon2, ,porygon2,normal,false
234,Stantler, ,stantler,normal,false
235,Smeargle, ,smeargle,normal,false
236,Tyrogue, ,tyrogue,normal,false
237,Hitmontop, ,hitmontop,normal,false
238,Smoochum, ,smoochum,normal,false
239,Elekid, ,elekid,normal,false
240,Magby, ,magby,normal,false
241,Miltank, ,miltank,normal,false
242,Blissey, ,blissey,normal,false
243,Raikou, ,raikou,normal,true
244,Entei, ,entei,normal,true
245,Suicune, ,suicune,normal,true
246,Larvitar, ,larvitar,normal,false
247,Pupitar, ,pupitar,normal,false
248,Tyranitar, ,tyranitar,normal,false
249,Lugia, ,lugia,normal,true
250,Ho-oh, ,hooh,normal,true
251,Celebi, ,celebi,normal,true
252,Treecko, ,treecko,normal,false
253,Grovyle, ,grovyle,normal,false
254,Sceptile, ,sceptile,normal,false
255,Torchic, ,torchic,normal,false
256,Combusken, ,combusken,normal,false
257,Blaziken, ,blaziken,normal,false
258,Mudkip, ,mudkip,normal,false
259,Marshtomp, ,marshtomp,normal,false
260,Swampert, ,swampert,normal,false
261,Poochyena, ,poochyena,normal,false
262,Mightyena, ,mightyena,normal,false
263,Zigzagoon, ,zigzagoon,normal,false
264,Linoone, ,linoone,normal,false
265,Wurmple, ,wurmple,normal,false
266,Silcoon, ,silcoon,normal,false
267,Beautifly, ,beautifly,normal,false
268,Cascoon, ,cascoon,normal,false
269,Dustox, ,dustox,normal,false
270,Lotad, ,lotad,normal,false
271,Lombre, ,lombre,normal,false
272,Ludicolo, ,ludicolo,normal,false
273,Seedot, ,seedot,normal,false
274,Nuzleaf, ,nuzleaf,normal,false
275,Shiftry, ,shiftry,normal,false
276,Taillow, ,taillow,normal,false
277,Swellow, ,swellow,normal,false
278,Wingull, ,wingull,normal,false
279,Pelipper, ,pelipper,normal,false
280,Ralts, ,ralts,normal,false
281,Kirlia, ,kirlia,normal,false
282,Gardevoir, ,gardevoir,normal,false
283,Surskit, ,surskit,normal,false
284,Masquerain, ,masquerain,normal,false
285,Shroomish, ,shroomish,normal,false
286,Breloom, ,breloom,normal,false
287,Slakoth, ,slakoth,normal,false
288,Vigoroth, ,vigoroth,normal,false
289,Slaking, ,slaking,normal,false
290,Nincada, ,nincada,normal,false
291,Ninjask, ,ninjask,normal,false
292,Shedinja, ,shedinja,normal,false
293,Whismur, ,whismur,normal,false
294,Loudred, ,loudred,normal,false
295,Exploud, ,exploud,normal,false
296,Makuhita, ,makuhita,normal,false
297,Hariyama, ,hariyama,normal,false
298,Azurill, ,azurill,normal,false
299,Nosepass, ,nosepass,normal,false
300,Skitty, ,skitty,normal,false
301,Delcatty, ,delcatty,normal,false
302,Sableye, ,sableye,normal,false
303,Mawile, ,mawile,normal,false
304,Aron, ,aron,normal,false
305,Lairon, ,lairon,normal,false
306,Aggron, ,aggron,normal,false
307,Meditite, ,meditite,normal,false
308,Medicham, ,medicham,normal,false
309,Electrike, ,electrike,normal,false
310,Manectric, ,manectric,normal,false
311,Plusle, ,plusle,normal,false
312,Minun, ,minun,normal,false
313,Volbeat, ,volbeat,normal,false
314,Illumise, ,illumise,normal,false
315,Roselia, ,roselia,normal,false
316,Gulpin, ,gulpin,normal,false
317,Swalot, ,swalot,normal,false
318,Carvanha, ,carvanha,normal,false
319,Sharpedo, ,sharpedo,normal,false
320,Wailmer, ,wailmer,normal,false
321,Wailord, ,wailord,normal,false
322,Numel, ,numel,normal,false
323,Camerupt, ,camerupt,normal,false
324,Torkoal, ,torkoal,normal,false
325,Spoink, ,spoink,normal,false
326,Grumpig, ,grumpig,normal,false
327,Spinda, ,spinda,normal,false
328,Trapinch, ,trapinch,normal,false
329,Vibrava, ,vibrava,normal,false
330,Flygon, ,flygon,normal,false
331,Cacnea, ,cacnea,normal,false
332,Cacturne, ,cacturne,normal,false
333,Swablu, ,swablu,normal,false
334,Altaria, ,altaria,normal,false
335,Zangoose, ,zangoose,normal,false
336,Seviper, ,seviper,normal,false
337,Lunatone, ,lunatone,normal,false
338,Solrock, ,solrock,normal,false
339,Barboach, ,barboach,normal,false
340,Whiscash, ,whiscash,normal,false
341,Corphish, ,corphish,normal,false
342,Crawdaunt, ,crawdaunt,normal,false
343,Baltoy, ,baltoy,normal,false
344,Claydol, ,claydol,normal,false
345,Lileep, ,lileep,normal,false
346,Cradily, ,cradily,normal,false
347,Anorith, ,anorith,normal,false
348,Armaldo, ,armaldo,normal,false
349,Feebas, ,feebas,normal,false
350,Milotic, ,milotic,normal,false
351,Castform, ,castform,normal,false
352,Kecleon, ,kecleon,normal,false
353,Shuppet, ,shuppet,normal,false
354,Banette, ,banette,normal,false
355,Duskull, ,duskull,normal,false
356,Dusclops, ,dusclops,normal,false
357,Tropius, ,tropius,normal,false
358,Chimecho, ,chimecho,normal,false
359,Absol, ,absol,normal,false
360,Wynaut, ,wynaut,normal,false
361,Snorunt, ,snorunt,normal,false
362,Glalie, ,glalie,normal,false
363,Spheal, ,spheal,normal,false
364,Sealeo, ,sealeo,normal,false
365,Walrein, ,walrein,normal,false
366,Clamperl, ,clamperl,normal,false
367,Huntail, ,huntail,normal,false
368,Gorebyss, ,gorebyss,normal,false
369,Relicanth, ,relicanth,normal,false
370,Luvdisc, ,luvdisc,normal,false
371,Bagon, ,bagon,normal,false
372,Shelgon, ,shelgon,normal,false
373,Salamence, ,salamence,normal,false
374,Beldum, ,beldum,normal,false
375,Metang, ,metang,normal,false
376,Metagross, ,metagross,normal,false
377,Regirock, ,regirock,normal,true
378,Regice, ,regice,normal,true
379,Registeel, ,registeel,normal,true
380,Latias, ,latias,normal,true
381,Latios, ,latios,normal,true
382,Kyogre, ,kyogre,normal,true
383,Groudon, ,groudon,normal,true
384,Rayquaza, ,rayquaza,normal,true
385,Jirachi, ,jirachi,normal,true
386,Deoxys,Normal Forme,deoxys,normal,true
387,Turtwig, ,turtwig,normal,false
388,Grotle, ,grotle,normal,false
389,Torterra, ,torterra,normal,false
390,Chimchar, ,chimchar,normal,false
391,Monferno, ,monferno,normal,false
392,Infernape, ,infernape,normal,false
393,Piplup, ,piplup,normal,false
394,Prinplup, ,prinplup,normal,false
395,Empoleon, ,empoleon,normal,false
396,Starly, ,starly,normal,false
397,Staravia, ,staravia,normal,false
398,Staraptor, ,staraptor,normal,false
399,Bidoof, ,bidoof,normal,false
400,Bibarel, ,bibarel,normal,false
401,Kricketot, ,kricketot,normal,false
402,Kricketune, ,kricketune,normal,false
403,Shinx, ,shinx,normal,false
404,Luxio, ,luxio,normal,false
405,Luxray, ,luxray,normal,false
406,Budew, ,budew,normal,false
407,Roserade, ,roserade,normal,false
408,Cranidos, ,cranidos,normal,false
409,Rampardos, ,rampardos,normal,false
410,Shieldon, ,shieldon,normal,false
411,Bastiodon, ,bastiodon,normal,false
412,Burmy,Plant Cloak,burmy,normal,false
413,Wormadam,Plant Cloak,wormadam,normal,false
414,Mothim, ,mothim,normal,false
415,Combee, ,combee,normal,false
416,Vespiquen, ,vespiquen,normal,false
417,Pachirisu, ,pachirisu,normal,false
418,Buizel, ,buizel,normal,false
419,Floatzel, ,floatzel,normal,false
420,Cherubi, ,cherubi,normal,false
421,Cherrim, ,cherrim,normal,false
422,Shellos, ,shellos,normal,false
423,Gastrodon, ,gastrodon,normal,false
424,Ambipom, ,ambipom,normal,false
425,Drifloon, ,drifloon,normal,false
426,Drifblim, ,drifblim,normal,false
427,Buneary, ,buneary,normal,false
428,Lopunny, ,lopunny,normal,false
429,Mismagius, ,mismagius,normal,false
430,Honchkrow, ,honchkrow,normal,false
431,Glameow, ,glameow,normal,false
432,Purugly, ,purugly,normal,false
433,Chingling, ,chingling,normal,false
434,Stunky, ,stunky,normal,false
435,Skuntank, ,skuntank,normal,false
436,Bronzor, ,bronzor,normal,false
437,Bronzong, ,bronzong,normal,false
438,Bonsly, ,bonsly,normal,false
439,Mime Jr., ,mimejr,normal,false
440,Happiny, ,happiny,normal,false
441,Chatot, ,chatot,normal,false
442,Spiritomb, ,spiritomb,normal,false
443,Gible, ,gible,normal,false
444,Gabite, ,gabite,normal,false
445,Garchomp, ,garchomp,normal,false
446,Munchlax, ,munchlax,normal,false
447,Riolu, ,riolu,normal,false
448,Lucario, ,lucario,normal,false
449,Hippopotas, ,hippopotas,normal,false
450,Hippowdon, ,hippowdon,normal,false
451,Skorupi, ,skorupi,normal,false
452,Drapion, ,drapion,normal,false
453,Croagunk, ,croagunk,normal,false
454,Toxicroak, ,toxicroak,normal,false
455,Carnivine, ,carnivine,normal,false
456,Finneon, ,finneon,normal,false
457,Lumineon, ,lumineon,normal,false
458,Mantyke, ,mantyke,normal,false
459,Snover, ,snover,normal,false
460,Abomasnow, ,abomasnow,normal,false
461,Weavile, ,weavile,normal,false
462,Magnezone, ,magnezone,normal,false
463,Lickilicky, ,lickilicky,normal,false
464,Rhyperior, ,rhyperior,normal,false
465,Tangrowth, ,tangrowth,normal,false
466,Electivire, ,electivire,normal,false
467,Magmortar, ,magmortar,normal,false
468,Togekiss, ,togekiss,normal,false
469,Yanmega, ,yanmega,normal,false
470,Leafeon, ,leafeon,normal,false
471,Glaceon, ,glaceon,normal,false
472,Gliscor, ,gliscor,normal,false
473,Mamoswine, ,mamoswine,normal,false
474,Porygon-Z, ,porygonz,normal,false
475,Gallade, ,gallade,normal,false
476,Probopass, ,probopass,normal,false
477,Dusknoir, ,dusknoir,normal,false
478,Froslass, ,froslass,normal,false
479,Rotom, ,rotom,normal,false
480,Uxie, ,uxie,normal,true
481,Mesprit, ,mesprit,normal,true
482,Azelf, ,azelf,normal,true
483,Dialga, ,dialga,normal,true
484,Palkia, ,palkia,normal,true
485,Heatran, ,heatran,normal,true
486,Regigigas, ,regigigas,normal,true
487,Giratina,Altered Forme,giratina,normal,true
488,Cresselia, ,cresselia,normal,true
489,Phione, ,phione,normal,true
490,Manaphy, ,manaphy,normal,true
491,Darkrai, ,darkrai,normal,true
492,Shaymin,Land Forme,shaymin,normal,true
493,Arceus, ,arceus,normal,true
494,Victini, ,victini,normal,true
495,Snivy, ,snivy,normal,false
496,Servine, ,servine,normal,false
497,Serperior, ,serperior,normal,false
498,Tepig, ,tepig,normal,false
499,Pignite, ,pignite,normal,false
500,Emboar, ,emboar,normal,false
501,Oshawott, ,oshawott,normal,false
502,Dewott, ,dewott,normal,false
503,Samurott, ,samurott,normal,false
504,Patrat, ,patrat,normal,false
505,Watchog, ,watchog,normal,false
506,Lillipup, ,lillipup,normal,false
507,Herdier, ,herdier,normal,false
508,Stoutland, ,stoutland,normal,false
509,Purrloin, ,purrloin,normal,false
510,Liepard, ,liepard,normal,false
511,Pansage, ,pansage,normal,false
512,Simisage, ,simisage,normal,false
513,Pansear, ,pansear,normal,false
514,Simisear, ,simisear,normal,false
515,Panpour, ,panpour,normal,false
516,Simipour, ,simipour,normal,false
517,Munna, ,munna,normal,false
518,Musharna, ,musharna,normal,false
519,Pidove, ,pidove,normal,false
520,Tranquill, ,tranquill,normal,false
521,Unfezant, ,unfezant,normal,false
522,Blitzle, ,blitzle,normal,false
523,Zebstrika, ,zebstrika,normal,false
524,Roggenrola, ,roggenrola,normal,false
525,Boldore, ,boldore,normal,false
526,Gigalith, ,gigalith,normal,false
527,Woobat, ,woobat,normal,false
528,Swoobat, ,swoobat,normal,false
529,Drilbur, ,drilbur,normal,false
530,Excadrill, ,excadrill,normal,false
531,Audino, ,audino,normal,false
532,Timburr, ,timburr,normal,false
533,Gurdurr, ,gurdurr,normal,false
534,Conkeldurr, ,conkeldurr,normal,false
535,Tympole, ,tympole,normal,false
536,Palpitoad, ,palpitoad,normal,false
537,Seismitoad, ,seismitoad,normal,false
538,Throh, ,throh,normal,false
539,Sawk, ,sawk,normal,false
540,Sewaddle, ,sewaddle,normal,false
541,Swadloon, ,swadloon,normal,false
542,Leavanny, ,leavanny,normal,false
543,Venipede, ,venipede,normal,false
544,Whirlipede, ,whirlipede,normal,false
545,Scolipede, ,scolipede,normal,false
546,Cottonee, ,cottonee,normal,false
547,Whimsicott, ,whimsicott,normal,false
548,Petilil, ,petilil,normal,false
549,Lilligant, ,lilligant,normal,false
550,Basculin,Red-Striped Form,basculin,redstriped,false
551,Sandile, ,sandile,normal,false
552,Krokorok, ,krokorok,normal,false
553,Krookodile, ,krookodile,normal,false
554,Darumaka, ,darumaka,normal,false
555,Darmanitan,Standard Mode,darmanitan,normal,false
556,Maractus, ,maractus,normal,false
557,Dwebble, ,dwebble,normal,false
558,Crustle, ,crustle,normal,false
559,Scraggy, ,scraggy,normal,false
560,Scrafty, ,scrafty,normal,false
561,Sigilyph, ,sigilyph,normal,false
562,Yamask, ,yamask,normal,false
563,Cofagrigus, ,cofagrigus,normal,false
564,Tirtouga, ,tirtouga,normal,false
565,Carracosta, ,carracosta,normal,false
566,Archen, ,archen,normal,false
567,Archeops, ,archeops,normal,false
568,Trubbish, ,trubbish,normal,false
569,Garbodor, ,garbodor,normal,false
570,Zorua, ,zorua,normal,false
571,Zoroark, ,zoroark,normal,false
572,Minccino, ,minccino,normal,false
573,Cinccino, ,cinccino,normal,false
574,Gothita, ,gothita,normal,false
575,Gothorita, ,gothorita,normal,false
576,Gothitelle, ,gothitelle,normal,false
577,Solosis, ,solosis,normal,false
578,Duosion, ,duosion,normal,false
579,Reuniclus, ,reuniclus,normal,false
580,Ducklett, ,ducklett,normal,false
581,Swanna, ,swanna,normal,false
582,Vanillite, ,vanillite,normal,false
583,Vanillish, ,vanillish,normal,false
584,Vanilluxe, ,vanilluxe,normal,false
585,Deerling, ,deerling,normal,false
586,Sawsbuck, ,sawsbuck,normal,false
587,Emolga, ,emolga,normal,false
588,Karrablast, ,karrablast,normal,false
589,Escavalier, ,escavalier,normal,false
590,Foongus, ,foongus,normal,false
591,Amoonguss, ,amoonguss,normal,false
592,Frillish, ,frillish,normal,false
593,Jellicent, ,jellicent,normal,false
594,Alomomola, ,alomomola,normal,false
595,Joltik, ,joltik,normal,false
596,Galvantula, ,galvantula,normal,false
597,Ferroseed, ,ferroseed,normal,false
598,Ferrothorn, ,ferrothorn,normal,false
599,Klink, ,klink,normal,false
600,Klang, ,klang,normal,false
601,Klinklang, ,klinklang,normal,false
602,Tynamo, ,tynamo,normal,false
603,Eelektrik, ,eelektrik,normal,false
604,Eelektross, ,eelektross,normal,false
605,Elgyem, ,elgyem,normal,false
606,Beheeyem, ,beheeyem,normal,false
607,Litwick, ,litwick,normal,false
608,Lampent, ,lampent,normal,false
609,Chandelure, ,chandelure,normal,false
610,Axew, ,axew,normal,false
611,Fraxure, ,fraxure,normal,false
612,Haxorus, ,haxorus,normal,false
613,Cubchoo, ,cubchoo,normal,false
614,Beartic, ,beartic,normal,false
615,Cryogonal, ,cryogonal,normal,false
616,Shelmet, ,shelmet,normal,false
617,Accelgor, ,accelgor,normal,false
618,Stunfisk, ,stunfisk,normal,false
619,Mienfoo, ,mienfoo,normal,false
620,Mienshao, ,mienshao,normal,false
621,Druddigon, ,druddigon,normal,false
622,Golett, ,golett,normal,false
623,Golurk, ,golurk,normal,false
624,Pawniard, ,pawniard,normal,false
625,Bisharp, ,bisharp,normal,false
626,Bouffalant, ,bouffalant,normal,false
627,Rufflet, ,rufflet,normal,false
628,Braviary, ,braviary,normal,false
629,Vullaby, ,vullaby,normal,false
630,Mandibuzz, ,mandibuzz,normal,false
631,Heatmor, ,heatmor,normal,false
632,Durant, ,durant,normal,false
633,Deino, ,deino,normal,false
634,Zweilous, ,zweilous,normal,false
635,Hydreigon, ,hydreigon,normal,false
636,Larvesta, ,larvesta,normal,false
637,Volcarona, ,volcarona,normal,false
638,Cobalion, ,cobalion,normal,true
639,Terrakion, ,terrakion,normal,true
640,Virizion, ,virizion,normal,true
641,Tornadus,Incarnate Forme,tornadus,normal,true
642,Thundurus,Incarnate Forme,thundurus,normal,true
643,Reshiram, ,reshiram,normal,true
644,Zekrom, ,zekrom,normal,true
645,Landorus,Incarnate Forme,landorus,normal,true
646,Kyurem, ,kyurem,normal,true
647,Keldeo,Ordinary Form,keldeo,normal,true
648,Meloetta,Aria Forme,meloetta,normal,true
649,Genesect, ,genesect,normal,true
650,Chespin, ,chespin,normal,false
651,Quilladin, ,quilladin,normal,false
652,Chesnaught, ,chesnaught,normal,false
653,Fennekin, ,fennekin,normal,false
654,Braixen, ,braixen,normal,false
655,Delphox, ,delphox,normal,false
656,Froakie, ,froakie,normal,false
657,Frogadier, ,frogadier,normal,false
658,Greninja, ,greninja,normal,false
659,Bunnelby, ,bunnelby,normal,false
660,Diggersby, ,diggersby,normal,false
661,Fletchling, ,fletchling,normal,false
662,Fletchinder, ,fletchinder,normal,false
663,Talonflame, ,talonflame,normal,false
664,Scatterbug, ,scatterbug,normal,false
665,Spewpa, ,spewpa,normal,false
666,Vivillon, ,vivillon,normal,false
667,Litleo, ,litleo,normal,false
668,Pyroar, ,pyroar,normal,false
669,Flabébé, ,flabebe,normal,false
670,Floette, ,floette,normal,false
671,Florges, ,florges,normal,false
672,Skiddo, ,skiddo,normal,false
673,Gogoat, ,gogoat,normal,false
674,Pancham, ,pancham,normal,false
675,Pangoro, ,pangoro,normal,false
676,Furfrou, ,furfrou,normal,false
677,Espurr, ,espurr,normal,false
678,Meowstic,Male,meowstic,normal,false
679,Honedge, ,honedge,normal,false
680,Doublade, ,doublade,normal,false
681,Aegislash,Shield Forme,aegislash,normal,false
682,Spritzee, ,spritzee,normal,false
683,Aromatisse, ,aromatisse,normal,false
684,Swirlix, ,swirlix,normal,false
685,Slurpuff, ,slurpuff,normal,false
686,Inkay, ,inkay,normal,false
687,Malamar, ,malamar,normal,false
688,Binacle, ,binacle,normal,false
689,Barbaracle, ,barbaracle,normal,false
690,Skrelp, ,skrelp,normal,false
691,Dragalge, ,dragalge,normal,false
692,Clauncher, ,clauncher,normal,false
693,Clawitzer, ,clawitzer,normal,false
694,Helioptile, ,helioptile,normal,false
695,Heliolisk, ,heliolisk,normal,false
696,Tyrunt, ,tyrunt,normal,false
697,Tyrantrum, ,tyrantrum,normal,false
698,Amaura, ,amaura,normal,false
699,Aurorus, ,aurorus,normal,false
700,Sylveon, ,sylveon,normal,false
701,Hawlucha, ,hawlucha,normal,false
702,Dedenne, ,dedenne,normal,false
703,Carbink, ,carbink,normal,false
704,Goomy, ,goomy,normal,false
705,Sliggoo, ,sliggoo,normal,false
706,Goodra, ,goodra,normal,false
707,Klefki, ,klefki,normal,false
708,Phantump, ,phantump,normal,false
709,Trevenant, ,trevenant,normal,false
710,Pumpkaboo,Average Size,pumpkaboo,normal,false
711,Gourgeist,Average Size,gourgeist,normal,false
712,Bergmite, ,bergmite,normal,false
713,Avalugg, ,avalugg,normal,false
714,Noibat, ,noibat,normal,false
715,Noivern, ,noivern,normal,false
716,Xerneas, ,xerneas,normal,true
717,Yveltal, ,yveltal,normal,true
718,Zygarde, ,zygarde,normal,true
719,Diancie, ,diancie,normal,true
720,Hoopa,Hoopa Confined,hoopa,normal,true
721,Volcanion, ,volcanion,normal,true
722,Rowlet, ,rowlet,normal,false
723,Dartrix, ,dartrix,normal,false
724,Decidueye, ,decidueye,normal,false
725,Litten, ,litten,normal,false
726,Torracat, ,torracat,normal,false
727,Incineroar, ,incineroar,normal,false
728,Popplio, ,popplio,normal,false
729,Brionne, ,brionne,normal,false
730,Primarina, ,primarina,normal,false
731,Pikipek, ,pikipek,normal,false
732,Trumbeak, ,trumbeak,normal,false
733,Toucannon, ,toucannon,normal,false
734,Yungoos, ,yungoos,normal,false
735,Gumshoos, ,gumshoos,normal,false
736,Grubbin, ,grubbin,normal,false
737,Charjabug, ,charjabug,normal,false
738,Vikavolt, ,vikavolt,normal,false
739,Crabrawler, ,crabrawler,normal,false
740,Crabominable, ,crabominable,normal,false
741,Oricorio,Baile Style,oricorio,normal,false
742,Cutiefly, ,cutiefly,normal,false
743,Ribombee, ,ribombee,normal,false
744,Rockruff, ,rockruff,normal,false
745,Lycanroc,Midday Form,lycanroc,normal,false
746,Wishiwashi,Solo Form,wishiwashi,normal,false
747,Mareanie, ,mareanie,normal,false
748,Toxapex, ,toxapex,normal,false
749,Mudbray, ,mudbray,normal,false
750,Mudsdale, ,mudsdale,normal,false
751,Dewpider, ,dewpider,normal,false
752,Araquanid, ,araquanid,normal,false
753,Fomantis, ,fomantis,normal,false
754,Lurantis, ,lurantis,normal,false
755,Morelull, ,morelull,normal,false
756,Shiinotic, ,shiinotic,normal,false
757,Salandit, ,salandit,normal,false
758,Salazzle, ,salazzle,normal,false
759,Stufful, ,stufful,normal,false
760,Bewear, ,bewear,normal,false
761,Bounsweet, ,bounsweet,normal,false
762,Steenee, ,steenee,normal,false
763,Tsareena, ,tsareena,normal,false
764,Comfey, ,comfey,normal,false
765,Oranguru, ,oranguru,normal,false
766,Passimian, ,passimian,normal,false
767,Wimpod, ,wimpod,normal,false
768,Golisopod, ,golisopod,normal,false
769,Sandygast, ,sandygast,normal,false
770,Palossand, ,palossand,normal,false
771,Pyukumuku, ,pyukumuku,normal,false
772,Type: Null, ,typenull,normal,true
773,Silvally, ,silvally,normal,true
774,Minior,Meteor Form,minior,normal,false
775,Komala, ,komala,normal,false
776,Turtonator, ,turtonator,normal,false
777,Togedemaru, ,togedemaru,normal,false
778,Mimikyu, ,mimikyu,normal,false
779,Bruxish, ,bruxish,normal,false
780,Drampa, ,drampa,normal,false
781,Dhelmise, ,dhelmise,normal,false
782,Jangmo-o, ,jangmoo,normal,false
783,Hakamo-o, ,hakamoo,normal,false
784,Kommo-o, ,kommoo,normal,false
785,Tapu Koko, ,tapukoko,normal,true
786,Tapu Lele, ,tapulele,normal,true
787,Tapu Bulu, ,tapubulu,normal,true
788,Tapu Fini, ,tapufini,normal,true
789,Cosmog, ,cosmog,normal,true
790,Cosmoem, ,cosmoem,normal,false
791,Solgaleo, ,solgaleo,normal,true
792,Lunala, ,lunala,normal,true
793,Nihilego, ,nihilego,normal,false
794,Buzzwole, ,buzzwole,normal,false
795,Pheromosa, ,pheromosa,normal,false
796,Xurkitree, ,xurkitree,normal,false
797,Celesteela, ,celesteela,normal,false
798,Kartana, ,kartana,normal,false
799,Guzzlord, ,guzzlord,normal,false
800,Necrozma, ,necrozma,normal,true
801,Magearna, ,magearna,normal,true
802,Marshadow, ,marshadow,normal,true
803,Poipole, ,poipole,normal,false
804,Naganadel, ,naganadel,normal,false
805,Stakataka, ,stakataka,normal,false
806,Blacephalon, ,blacephalon,normal,false
807,Zeraora, ,zeraora,normal,true
808,Meltan, ,meltan,normal,true
809,Melmetal, ,melmetal,normal,true
810,Grookey, ,grookey,normal,false
811,Thwackey, ,thwackey,normal,false
812,Rillaboom, ,rillaboom,normal,false
813,Scorbunny, ,scorbunny,normal,false
814,Raboot, ,raboot,normal,false
815,Cinderace, ,cinderace,normal,false
816,Sobble, ,sobble,normal,false
817,Drizzile, ,drizzile,normal,false
818,Inteleon, ,inteleon,normal,false
819,Skwovet, ,skwovet,normal,false
820,Greedent, ,greedent,normal,false
821,Rookidee, ,rookidee,normal,false
822,Corvisquire, ,corvisquire,normal,false
823,Corviknight, ,corviknight,normal,false
824,Blipbug, ,blipbug,normal,false
825,Dottler, ,dottler,normal,false
826,Orbeetle, ,orbeetle,normal,false
827,Nickit, ,nickit,normal,false
828,Thievul, ,thievul,normal,false
829,Gossifleur, ,gossifleur,normal,false
830,Eldegoss, ,eldegoss,normal,false
831,Wooloo, ,wooloo,normal,false
832,Dubwool, ,dubwool,normal,false
833,Chewtle, ,chewtle,normal,false
834,Drednaw, ,drednaw,normal,false
835,Yamper, ,yamper,normal,false
836,Boltund, ,boltund,normal,false
837,Rolycoly, ,rolycoly,normal,false
838,Carkol, ,carkol,normal,false
839,Coalossal, ,coalossal,normal,false
840,Applin, ,applin,normal,false
841,Flapple, ,flapple,normal,false
842,Appletun, ,appletun,normal,false
843,Silicobra, ,silicobra,normal,false
844,Sandaconda, ,sandaconda,normal,false
845,Cramorant, ,cramorant,normal,false
846,Arrokuda, ,arrokuda,normal,false
847,Barraskewda, ,barraskewda,normal,false
848,Toxel, ,toxel,normal,false
849,Toxtricity,Amped Form,toxtricity,normal,false
850,Sizzlipede, ,sizzlipede,normal,false
851,Centiskorch, ,centiskorch,normal,false
852,Clobbopus, ,clobbopus,normal,false
853,Grapploct, ,grapploct,normal,false
854,Sinistea, ,sinistea,normal,false
855,Polteageist, ,polteageist,normal,false
856,Hatenna, ,hatenna,normal,false
857,Hattrem, ,hattrem,normal,false
858,Hatterene, ,hatterene,normal,false
859,Impidimp, ,impidimp,normal,false
860,Morgrem, ,morgrem,normal,false
861,Grimmsnarl, ,grimmsnarl,normal,false
862,Obstagoon, ,obstagoon,normal,false
863,Perrserker, ,perrserker,normal,false
864,Cursola, ,cursola,normal,false
865,Sirfetch'd, ,sirfetchd,normal,false
866,Mr. Rime, ,mrrime,normal,false
867,Runerigus, ,runerigus,normal,false
868,Milcery, ,milcery,normal,false
869,Alcremie, ,alcremie,normal,false
870,Falinks, ,falinks,normal,false
871,Pincurchin, ,pincurchin,normal,false
872,Snom, ,snom,normal,false
873,Frosmoth, ,frosmoth,normal,false
874,Stonjourner, ,stonjourner,normal,false
875,Eiscue,Ice Face,eiscue,normal,false
876,Indeedee,Male,indeedee,normal,false
877,Morpeko,Full Belly Mode,morpeko,normal,false
878,Cufant, ,cufant,normal,false
879,Copperajah, ,copperajah,normal,false
880,Dracozolt, ,dracozolt,normal,false
881,Arctozolt, ,arctozolt,normal,false
882,Dracovish, ,dracovish,normal,false
883,Arctovish, ,arctovish,normal,false
884,Duraludon, ,duraludon,normal,false
885,Dreepy, ,dreepy,normal,false
886,Drakloak, ,drakloak,normal,false
887,Dragapult, ,dragapult,normal,false
888,Zacian,Hero of Many Battles,zacian,normal,true
889,Zamazenta,Hero of Many Battles,zamazenta,normal,true
890,Eternatus, ,eternatus,normal,true
891,Kubfu, ,kubfu,normal,true
892,Urshifu,Single Strike Style,urshifu,normal,true
893,Zarude, ,zarude,normal,true
894,Regieleki, ,regieleki,normal,true
895,Regidrago, ,regidrago,normal,true
896,Glastrier, ,glastrier,normal,true
897,Spectrier, ,spectrier,normal,true
898,Calyrex, ,calyrex,normal,true
899,Wyrdeer, ,wyrdeer,normal,false
900,Kleavor, ,kleavor,normal,false
901,Ursaluna, ,ursaluna,normal,false
902,Basculegion,Male,basculegion,normal,false
903,Sneasler, ,sneasler,normal,false
904,Overqwil, ,overqwil,normal,false
905,Enamorus,Incarnate Forme,enamorus,normal,true
906,Sprigatito, ,sprigatito,normal,false
907,Floragato, ,floragato,normal,false
908,Meowscarada, ,meowscarada,normal,false
909,Fuecoco, ,fuecoco,normal,false
910,Crocalor, ,crocalor,normal,false
911,Skeledirge, ,skeledirge,normal,false
912,Quaxly, ,quaxly,normal,false
913,Quaxwell, ,quaxwell,normal,false
914,Quaquaval, ,quaquaval,normal,false
915,Lechonk, ,lechonk,normal,false
916,Oinkologne,Male,oinkologne,normal,false
917,Tarountula, ,tarountula,normal,false
918,Spidops, ,spidops,normal,false
919,Nymble, ,nymble,normal,false
920,Lokix, ,lokix,normal,false
921,Pawmi, ,pawmi,normal,false
922,Pawmo, ,pawmo,normal,false
923,Pawmot, ,pawmot,normal,false
924,Tandemaus, ,tandemaus,normal,false
925,Maushold,Family of Four,maushold,four,false
926,Fidough, ,fidough,normal,false
927,Dachsbun, ,dachsbun,normal,false
928,Smoliv, ,smoliv,normal,false
929,Dolliv, ,dolliv,normal,false
930,Arboliva, ,arboliva,normal,false
931,Squawkabilly,Green Plumage,squawkabilly,normal,false
932,Nacli, ,nacli,normal,false
933,Naclstack, ,naclstack,normal,false
934,Garganacl, ,garganacl,normal,false
935,Charcadet, ,charcadet,normal,false
936,Armarouge, ,armarouge,normal,false
937,Ceruledge, ,ceruledge,normal,false
938,Tadbulb, ,tadbulb,normal,false
939,Bellibolt, ,bellibolt,normal,false
940,Wattrel, ,wattrel,normal,false
941,Kilowattrel, ,kilowattrel,normal,false
942,Maschiff, ,maschiff,normal,false
943,Mabosstiff, ,mabosstiff,normal,false
944,Shroodle, ,shroodle,normal,false
945,Grafaiai, ,grafaiai,normal,false
946,Bramblin, ,bramblin,normal,false
947,Brambleghast, ,brambleghast,normal,false
948,Toedscool, ,toedscool,normal,false
949,Toedscruel, ,toedscruel,normal,false
950,Klawf, ,klawf,normal,false
951,Capsakid, ,capsakid,normal,false
952,Scovillain, ,scovillain,normal,false
953,Rellor, ,rellor,normal,false
954,Rabsca, ,rabsca,normal,false
955,Flittle, ,flittle,normal,false
956,Espathra, ,espathra,normal,false
957,Tinkatink, ,tinkatink,normal,false
958,Tinkatuff, ,tinkatuff,normal,false
959,Tinkaton, ,tinkaton,normal,false
960,Wiglett, ,wiglett,normal,false
961,Wugtrio, ,wugtrio,normal,false
962,Bombirdier, ,bombirdier,normal,false
963,Finizen, ,finizen,normal,false
964,Palafin,Zero Form,palafin,normal,false
965,Varoom, ,varoom,normal,false
966,Revavroom, ,revavroom,normal,false
967,Cyclizar, ,cyclizar,normal,false
968,Orthworm, ,orthworm,normal,false
969,Glimmet, ,glimmet,normal,false
970,Glimmora, ,glimmora,normal,false
971,Greavard, ,greavard,normal,false
972,Houndstone, ,houndstone,normal,false
973,Flamigo, ,flamigo,normal,false
974,Cetoddle, ,cetoddle,normal,false
975,Cetitan, ,cetitan,normal,false
976,Veluza, ,veluza,normal,false
977,Dondozo, ,dondozo,normal,false
978,Tatsugiri,Curly Form,tatsugiri,normal,false
979,Annihilape, ,annihilape,normal,false
980,Clodsire, ,clodsire,normal,false
981,Farigiraf, ,farigiraf,normal,false
982,Dudunsparce,Two-Segment Form,dudunsparce,normal,false
983,Kingambit, ,kingambit,normal,false
984,Great Tusk, ,greattusk,normal,false
985,Scream Tail, ,screamtail,normal,false
986,Brute Bonnet, ,brutebonnet,normal,false
987,Flutter Mane, ,fluttermane,normal,false
988,Slither Wing, ,slitherwing,normal,false
989,Sandy Shocks, ,sandyshocks,normal,false
990,Iron Treads, ,irontreads,normal,false
991,Iron Bundle, ,ironbundle,normal,false
992,Iron Hands, ,ironhands,normal,false
993,Iron Jugulis, ,ironjugulis,normal,false
994,Iron Moth, ,ironmoth,normal,false
995,Iron Thorns, ,ironthorns,normal,false
996,Frigibax, ,frigibax,normal,false
997,Arctibax, ,arctibax,normal,false
998,Baxcalibur, ,baxcalibur,normal,false
999,Gimmighoul,Chest Form,gimmighoul,normal,false
1000,Gholdengo, ,gholdengo,normal,false
1001,Wo-Chien, ,wochien,normal,false
1002,Chien-Pao, ,chienpao,normal,true
1003,Ting-Lu, ,tinglu,normal,false
1004,Chi-Yu, ,chiyu,normal,true
1005,Roaring Moon, ,roaringmoon,normal,false
1006,Iron Valiant, ,ironvaliant,normal,false
1007,Koraidon, ,koraidon,normal,true
1008,Miraidon, ,miraidon,normal,true
1009,Walking Wake, ,walkingwake,normal,false
1010,Iron Leaves, ,ironleaves,normal,false
1011,Dipplin, ,dipplin,normal,false
1012,Poltchageist, ,poltchageist,normal,false
1013,Sinistcha, ,sinistcha,normal,false
1014,Okidogi, ,okidogi,normal,false
1015,Munkidori, ,munkidori,normal,false
1016,Fezandipiti, ,fezandipiti,normal,false
1017,Ogerpon,Teal Mask,ogerpon,normal,true
1018,Archaludon, ,archaludon,normal,false
1019,Hydrapple, ,hydrapple,normal,false
1020,Gouging Fire, ,gougingfire,normal,false
1021,Raging Bolt, ,ragingbolt,normal,false
1022,Iron Boulder, ,ironboulder,normal,false
1023,Iron Crown, ,ironcrown,normal,false
1024,Terapagos,Normal Form,terapagos,normal,true
1025,Pecharunt, ,pecharunt,normal,true
