uuid,name
0014199c-68b0-32e7-936f-07baa360435a,Limstox360
0287bc4a-cf22-3396-87dd-fda934ee505d,Freezio_
0b9e9b5c-30a6-39d9-b23f-a90ceb05e725,MonMauvais
0c8a3ea6-4246-3c1b-a6aa-68e4688909d0,GoldMonster338
112713e5-c7a8-311a-a19f-b08584419ad8,geek59
14068677-9ffd-39f0-8d6f-4a13ebd353dc,Naos0
163d4ab3-8a83-3724-908d-7baeab1bd991,acdc_zdnl
210dd662-86f3-307d-899a-07c85f3e65a5,roselfe
211dab58-253d-3461-97ff-e1ce58f07eec,Gaethap
26456939-f706-3176-9064-de930feb6623,alin
3bc7000f-37da-3c94-ab33-2eb3bd58ffdc,Razor2759
458de26b-1158-3f52-a05c-7aef6b3469a1,JojoLapero
4d2c27f7-5881-3b9c-884b-72164ae3998b,rathur000
54c1918e-c5ac-35d7-8f7d-3fae62987854,Cronox54
61cee396-91c2-35b3-8fa1-a49bf9dcff36,reppssomewhiles
6778bc44-ba62-3104-a5d6-b2fbf8cf7675,heineswatchbook
7856d8e8-a925-3ce8-8960-46b3621ba664,uncessynthesize
7caf81d5-8091-3f2d-b654-21379b49d30f,stagescurfiness
83cca42c-8244-37cc-8077-c8479a9fb73f,vulvomishitting
87cc8ebf-e412-31b9-b41c-c48804e2be13,ahemsdedicating
8e2e0db8-c154-35fb-ae48-8513e90a8c0a,atokeholographs
9283bb67-6144-3491-af76-1772d3aa327f,horalrecognised
a719611c-2de3-3096-ad6e-b7e536b94fa5,dillycrabapples
af510425-c715-3919-9630-a35ac160e968,elriclespiques
b0b35c51-1337-333f-a7d1-8419f10a1743,shivaperiegeses
b2ab3d69-4535-37fa-841b-39cd176b45b5,sykerconcretize
b696d763-65ee-377b-97c8-386f404be79c,cholicaptivated
bc6a92bd-0ca7-3d81-9e15-bf10430d4152,sinewrisibility
bdccd7c0-d924-3f6c-a006-ba04d8529248,IntegraleEpice
c28ff28f-47c0-3d54-aac7-3cf6221143ea,syncsjasperizes
cb24d6a6-3aeb-3b77-9de8-41fe6aa9125a,foliaperseveres
cc702e34-b94b-3106-b41f-f357d3bf3dac,naturalizee
ce637677-041e-3b07-ad9a-bff57a3ca864,agonykettledrum
e6dfe895-8bc2-371c-b1d4-444e1f4bc5f6,stupadisinvests
e8a54bf5-7818-358f-af7d-13715fc20d06,tennoasbestosis
f10a0829-2d94-31df-8ed3-8ebd21803a54,salutunbreeched
